month,region,channel,spend,impressions,clicks,conversions
2024-01-01,Northeast,Paid Search,16997.75,568857,20380,1059
2024-01-01,Northeast,Social Media,44979.08,593233,17982,865
2024-01-01,Northeast,Email,24658.53,1971707,30361,592
2024-01-01,Northeast,Affiliate,40400.45,1125996,65913,4140
2024-01-01,South,Paid Search,50977.0,1465361,86648,2413
2024-01-01,South,Social Media,16694.24,1123605,62394,977
2024-01-01,South,Email,19560.48,1869738,83984,3436
2024-01-01,South,Affiliate,32981.15,1187221,27179,1697
2024-01-01,Midwest,Paid Search,70236.87,1016685,15477,905
2024-01-01,Midwest,Social Media,19214.55,511922,19890,564
2024-01-01,Midwest,Email,64897.13,669459,10646,570
2024-01-01,Midwest,Affiliate,48462.19,1578969,70437,1921
2024-01-01,West,Paid Search,11773.18,232895,8424,260
2024-01-01,West,Social Media,22565.49,1230204,22883,1588
2024-01-01,West,Email,26456.27,815462,22494,1258
2024-01-01,West,Affiliate,71770.52,790136,12287,915
2024-02-01,Northeast,Paid Search,16794.89,1343080,26800,1271
2024-02-01,Northeast,Social Media,45738.44,1594519,58607,4243
2024-02-01,Northeast,Email,47977.17,1015499,59253,1163
2024-02-01,Northeast,Affiliate,29172.64,670850,38902,2348
2024-02-01,South,Paid Search,79469.51,1809343,56162,3239
2024-02-01,South,Social Media,28363.79,381299,18291,971
2024-02-01,South,Email,54801.78,1907358,98706,4626
2024-02-01,South,Affiliate,62973.51,200942,9036,320
2024-02-01,Midwest,Paid Search,38966.04,272320,13743,1030
2024-02-01,Midwest,Social Media,17664.21,169055,4418,243
2024-02-01,Midwest,Email,66504.63,590483,10391,336
2024-02-01,Midwest,Affiliate,35893.84,623900,27880,1837
2024-02-01,West,Paid Search,25760.97,484692,15671,299
2024-02-01,West,Social Media,15944.19,1796200,87142,2649
2024-02-01,West,Email,34562.38,1943802,65529,1323
2024-02-01,West,Affiliate,24092.22,905031,17500,420
2024-03-01,Northeast,Paid Search,25949.77,717429,30820,1025
2024-03-01,Northeast,Social Media,71793.05,1326743,68099,1218
2024-03-01,Northeast,Email,24587.62,1577414,43757,1363
2024-03-01,Northeast,Affiliate,36496.19,1957525,71429,2123
2024-03-01,South,Paid Search,51312.32,1689601,73040,2863
2024-03-01,South,Social Media,59342.78,1825529,100173,1607
2024-03-01,South,Email,79817.48,165156,9690,712
2024-03-01,South,Affiliate,11372.65,931972,20844,315
2024-03-01,Midwest,Paid Search,60423.02,1377245,67961,3818
2024-03-01,Midwest,Social Media,26557.93,925514,45733,750
2024-03-01,Midwest,Email,41298.75,1660910,69939,4575
2024-03-01,Midwest,Affiliate,28866.61,1608617,79821,5722
2024-03-01,West,Paid Search,47106.73,1802791,50504,3946
2024-03-01,West,Social Media,31010.23,577698,9758,306
2024-03-01,West,Email,64344.42,1206016,31397,2250
2024-03-01,West,Affiliate,73810.74,423330,9792,149
2024-04-01,Northeast,Paid Search,73823.61,1608765,90409,6789
2024-04-01,Northeast,Social Media,53984.69,281684,15672,1098
2024-04-01,Northeast,Email,22325.05,1201535,47886,1118
2024-04-01,Northeast,Affiliate,40996.33,578974,27757,936
2024-04-01,South,Paid Search,62574.2,1470216,72129,2019
2024-04-01,South,Social Media,43139.43,1626603,79072,2066
2024-04-01,South,Email,41274.17,353407,5863,215
2024-04-01,South,Affiliate,33373.68,1178673,56484,2056
2024-04-01,Midwest,Paid Search,38261.65,407129,22858,1760
2024-04-01,Midwest,Social Media,75353.99,1477325,69166,5516
2024-04-01,Midwest,Email,31698.65,292262,4619,152
2024-04-01,Midwest,Affiliate,48133.09,1949820,41536,3081
2024-04-01,West,Paid Search,18526.48,1825803,82618,5459
2024-04-01,West,Social Media,42972.58,1438277,60290,1277
2024-04-01,West,Email,79333.44,886883,28484,593
2024-04-01,West,Affiliate,24656.71,807557,25419,1512
2024-05-01,Northeast,Paid Search,31966.83,213213,8320,614
2024-05-01,Northeast,Social Media,33580.12,1065558,32082,755
2024-05-01,Northeast,Email,72702.49,1235589,35791,1445
2024-05-01,Northeast,Affiliate,26503.58,352406,10023,435
2024-05-01,South,Paid Search,27024.75,586372,30248,1414
2024-05-01,South,Social Media,75119.59,708734,31349,1427
2024-05-01,South,Email,52154.9,322930,17900,1032
2024-05-01,South,Affiliate,17883.22,873562,35620,2813
2024-05-01,Midwest,Paid Search,40714.03,1035549,56634,996
2024-05-01,Midwest,Social Media,50294.07,219964,11152,792
2024-05-01,Midwest,Email,26058.61,767184,20690,557
2024-05-01,Midwest,Affiliate,18105.1,1187162,38506,2551
2024-05-01,West,Paid Search,22353.68,263980,6541,408
2024-05-01,West,Social Media,75859.97,347207,11186,717
2024-05-01,West,Email,51242.78,155374,3475,140
2024-05-01,West,Affiliate,40017.81,1858995,101078,6031
2024-06-01,Northeast,Paid Search,66450.31,1685678,36329,2114
2024-06-01,Northeast,Social Media,55250.46,1465439,31692,1412
2024-06-01,Northeast,Email,12731.4,279648,8960,398
2024-06-01,Northeast,Affiliate,16104.34,1945581,69788,2636
2024-06-01,South,Paid Search,41490.55,1748223,67635,1265
2024-06-01,South,Social Media,28403.98,401043,13442,222
2024-06-01,South,Email,51295.44,181701,6012,288
2024-06-01,South,Affiliate,24585.85,371025,10042,311
2024-06-01,Midwest,Paid Search,77812.89,1921974,66412,5139
2024-06-01,Midwest,Social Media,51256.5,1529891,44785,2578
2024-06-01,Midwest,Email,62865.81,1677549,27860,1916
2024-06-01,Midwest,Affiliate,41048.44,753288,41120,3110
2024-06-01,West,Paid Search,23000.59,1501345,84967,5138
2024-06-01,West,Social Media,14104.77,988124,35650,2805
2024-06-01,West,Email,63005.31,275618,12146,767
2024-06-01,West,Affiliate,35760.22,992563,30719,2261
2024-07-01,Northeast,Paid Search,48095.26,1518331,67458,2475
2024-07-01,Northeast,Social Media,57130.81,1560256,62965,4871
2024-07-01,Northeast,Email,49563.59,412465,15629,990
2024-07-01,Northeast,Affiliate,48123.94,1258184,22498,550
2024-07-01,South,Paid Search,70768.51,1625024,80493,2687
2024-07-01,South,Social Media,29164.61,544218,10420,648
2024-07-01,South,Email,59898.85,334406,9756,608
2024-07-01,South,Affiliate,64217.15,1279431,22713,535
2024-07-01,Midwest,Paid Search,65190.41,253279,9830,511
2024-07-01,Midwest,Social Media,18389.61,1259170,38711,1603
2024-07-01,Midwest,Email,41878.86,549399,26830,889
2024-07-01,Midwest,Affiliate,23984.62,664554,18896,1399
2024-07-01,West,Paid Search,26986.13,186444,5606,275
2024-07-01,West,Social Media,73089.53,586868,17443,533
2024-07-01,West,Email,26558.93,854224,26566,1637
2024-07-01,West,Affiliate,18132.41,1974858,88995,4433
2024-08-01,Northeast,Paid Search,60146.89,1258196,27345,2117
2024-08-01,Northeast,Social Media,39540.17,1255230,43630,1548
2024-08-01,Northeast,Email,28092.25,1230730,57094,2156
2024-08-01,Northeast,Affiliate,25653.16,160312,7429,266
2024-08-01,South,Paid Search,51961.87,1193912,40093,1854
2024-08-01,South,Social Media,62337.43,496755,9900,432
2024-08-01,South,Email,40938.12,1027185,38523,977
2024-08-01,South,Affiliate,77087.38,1752284,60106,1596
2024-08-01,Midwest,Paid Search,31457.52,992561,36386,1534
2024-08-01,Midwest,Social Media,65123.49,361437,11693,643
2024-08-01,Midwest,Email,79193.94,1805646,95605,3201
2024-08-01,Midwest,Affiliate,39847.22,1808126,49873,2405
2024-08-01,West,Paid Search,22587.32,1916486,38651,1733
2024-08-01,West,Social Media,38607.59,1781765,64881,5170
2024-08-01,West,Email,56783.91,1946584,84046,6487
2024-08-01,West,Affiliate,46497.42,1542465,55213,2330
2024-09-01,Northeast,Paid Search,15346.64,625037,28192,429
2024-09-01,Northeast,Social Media,61546.42,863309,25366,1390
2024-09-01,Northeast,Email,59392.74,187660,5653,92
2024-09-01,Northeast,Affiliate,42197.86,1746473,64880,4492
2024-09-01,South,Paid Search,49990.17,1862831,71650,5199
2024-09-01,South,Social Media,25823.75,1547607,82279,1415
2024-09-01,South,Email,73706.27,1562821,80588,4761
2024-09-01,South,Affiliate,46754.28,1349195,37103,745
2024-09-01,Midwest,Paid Search,24318.64,442723,15935,580
2024-09-01,Midwest,Social Media,38339.22,1950663,89563,2024
2024-09-01,Midwest,Email,53936.45,847618,27339,772
2024-09-01,Midwest,Affiliate,27451.68,500996,25368,1814
2024-09-01,West,Paid Search,71045.38,1409254,47346,2960
2024-09-01,West,Social Media,61448.48,1758223,30193,1831
2024-09-01,West,Email,68243.62,1040294,47951,2946
2024-09-01,West,Affiliate,15218.81,1334315,26753,1073
2024-10-01,Northeast,Paid Search,42174.32,1737137,30935,473
2024-10-01,Northeast,Social Media,79543.58,1847517,44329,2838
2024-10-01,Northeast,Email,43781.22,1401136,25601,1360
2024-10-01,Northeast,Affiliate,41501.62,1307872,26951,622
2024-10-01,South,Paid Search,74064.42,346369,16348,470
2024-10-01,South,Social Media,26650.64,1007336,57362,2387
2024-10-01,South,Email,68371.74,1032362,55053,2553
2024-10-01,South,Affiliate,21130.82,1637084,69789,2815
2024-10-01,Midwest,Paid Search,12303.1,1310476,57025,3301
2024-10-01,Midwest,Social Media,19005.42,475124,21468,745
2024-10-01,Midwest,Email,55567.59,1143924,22015,1682
2024-10-01,Midwest,Affiliate,79693.32,1531711,30875,1301
2024-10-01,West,Paid Search,70229.69,169705,9352,398
2024-10-01,West,Social Media,63065.35,488677,19379,1067
2024-10-01,West,Email,25625.87,576835,19984,1360
2024-10-01,West,Affiliate,73700.19,1700268,45558,3495
2024-11-01,Northeast,Paid Search,28088.82,1656337,65766,5052
2024-11-01,Northeast,Social Media,50274.16,1376114,46425,1700
2024-11-01,Northeast,Email,71952.19,1417560,59748,2214
2024-11-01,Northeast,Affiliate,34058.39,751482,35924,2395
2024-11-01,South,Paid Search,72474.38,1403707,79852,3064
2024-11-01,South,Social Media,69877.98,1026761,45862,1417
2024-11-01,South,Email,76806.59,1846325,51147,2052
2024-11-01,South,Affiliate,10712.25,274090,11509,878
2024-11-01,Midwest,Paid Search,9973.7,1985783,89824,4800
2024-11-01,Midwest,Social Media,9525.97,420114,11949,761
2024-11-01,Midwest,Email,54814.17,919261,47764,877
2024-11-01,Midwest,Affiliate,41718.0,278740,16462,577
2024-11-01,West,Paid Search,62740.78,1586383,90617,2325
2024-11-01,West,Social Media,9875.4,1782982,35754,2615
2024-11-01,West,Email,51291.99,366173,10819,463
2024-11-01,West,Affiliate,50359.32,965553,21546,1439
2024-12-01,Northeast,Paid Search,11602.99,1027318,39111,1512
2024-12-01,Northeast,Social Media,62029.58,1529324,86711,2262
2024-12-01,Northeast,Email,11284.7,230630,9118,630
2024-12-01,Northeast,Affiliate,23157.79,810949,13670,375
2024-12-01,South,Paid Search,29752.09,369458,7909,383
2024-12-01,South,Social Media,51003.56,760428,29031,1497
2024-12-01,South,Email,21822.56,1472190,75257,2855
2024-12-01,South,Affiliate,46579.29,1500654,36943,753
2024-12-01,Midwest,Paid Search,39230.58,1599141,66907,1017
2024-12-01,Midwest,Social Media,34128.56,1500030,43588,1369
2024-12-01,Midwest,Email,46957.24,1716289,39831,1932
2024-12-01,Midwest,Affiliate,58753.06,1367540,74473,5882
2024-12-01,West,Paid Search,70174.88,1348735,72001,2955
2024-12-01,West,Social Media,46069.93,1173964,69078,2550
2024-12-01,West,Email,11478.1,1699708,46424,1397
2024-12-01,West,Affiliate,72387.53,1963819,100228,4364
2025-01-01,Northeast,Paid Search,34559.59,507286,10835,238
2025-01-01,Northeast,Social Media,15086.72,939308,50790,3499
2025-01-01,Northeast,Email,14093.6,290942,15283,376
2025-01-01,Northeast,Affiliate,13876.06,848022,36975,2077
2025-01-01,South,Paid Search,23288.27,1461724,82166,3184
2025-01-01,South,Social Media,17339.16,896546,23156,738
2025-01-01,South,Email,23947.96,411558,12344,277
2025-01-01,South,Affiliate,48529.75,1415069,27083,636
2025-01-01,Midwest,Paid Search,35261.21,889479,14932,815
2025-01-01,Midwest,Social Media,38042.17,1089553,28858,1852
2025-01-01,Midwest,Email,10760.17,1260324,64328,1735
2025-01-01,Midwest,Affiliate,21272.52,1219054,35690,2399
2025-01-01,West,Paid Search,66695.49,1802849,62111,4233
2025-01-01,West,Social Media,24431.35,937819,47558,2676
2025-01-01,West,Email,39110.62,1785303,81949,5254
2025-01-01,West,Affiliate,22984.75,500095,23062,1174
2025-02-01,Northeast,Paid Search,8647.54,1992601,42790,2403
2025-02-01,Northeast,Social Media,29462.04,1310346,57323,3190
2025-02-01,Northeast,Email,23636.63,1341027,52190,4090
2025-02-01,Northeast,Affiliate,65314.72,1151286,39191,2516
2025-02-01,South,Paid Search,60200.26,873294,34156,1773
2025-02-01,South,Social Media,65907.08,1070269,26407,655
2025-02-01,South,Email,10244.88,945178,15960,284
2025-02-01,South,Affiliate,73245.36,930612,27598,1974
2025-02-01,Midwest,Paid Search,33896.3,1772139,47335,1790
2025-02-01,Midwest,Social Media,72102.71,1081398,48454,820
2025-02-01,Midwest,Email,60444.43,853599,34155,2647
2025-02-01,Midwest,Affiliate,37334.84,1792678,66342,3161
2025-02-01,West,Paid Search,54569.32,1268542,56971,2996
2025-02-01,West,Social Media,9094.88,525841,29257,804
2025-02-01,West,Email,56834.98,747138,28352,2154
2025-02-01,West,Affiliate,74421.5,1375055,29399,1280
2025-03-01,Northeast,Paid Search,59284.91,1811226,34581,1214
2025-03-01,Northeast,Social Media,10058.04,264011,3971,297
2025-03-01,Northeast,Email,41247.3,944134,40477,2079
2025-03-01,Northeast,Affiliate,36495.42,303031,11911,343
2025-03-01,South,Paid Search,51743.1,1119205,33950,1058
2025-03-01,South,Social Media,11451.36,351740,13061,309
2025-03-01,South,Email,76749.91,1246340,62862,2665
2025-03-01,South,Affiliate,24855.62,858547,51198,1225
2025-03-01,Midwest,Paid Search,38563.85,1667525,68295,5055
2025-03-01,Midwest,Social Media,11202.63,1084519,25771,1183
2025-03-01,Midwest,Email,45210.2,953491,41198,841
2025-03-01,Midwest,Affiliate,62476.54,1295510,70058,3698
2025-03-01,West,Paid Search,77902.53,455932,17188,889
2025-03-01,West,Social Media,22025.03,1468939,69472,1116
2025-03-01,West,Email,33908.31,1514743,72544,3755
2025-03-01,West,Affiliate,75521.82,852436,15735,1147
2025-04-01,Northeast,Paid Search,57865.23,1478070,47866,3112
2025-04-01,Northeast,Social Media,61829.81,939336,50605,1567
2025-04-01,Northeast,Email,78579.08,1382810,58860,4240
2025-04-01,Northeast,Affiliate,62601.72,569324,23179,1625
2025-04-01,South,Paid Search,13158.61,1853760,75375,3515
2025-04-01,South,Social Media,10183.38,893470,32456,2540
2025-04-01,South,Email,13902.77,1234350,64513,1941
2025-04-01,South,Affiliate,68347.17,433032,22547,366
2025-04-01,Midwest,Paid Search,69136.87,214565,11877,494
2025-04-01,Midwest,Social Media,44885.42,1567501,76198,1818
2025-04-01,Midwest,Email,24053.36,852071,32043,1405
2025-04-01,Midwest,Affiliate,15279.23,477664,15209,1134
2025-04-01,West,Paid Search,74674.33,912640,54486,1433
2025-04-01,West,Social Media,24500.62,1237984,56105,2123
2025-04-01,West,Email,64642.43,214938,5945,377
2025-04-01,West,Affiliate,78881.29,1074996,39553,2499
2025-05-01,Northeast,Paid Search,26372.41,1932070,99127,2233
2025-05-01,Northeast,Social Media,66002.19,1646798,98655,7668
2025-05-01,Northeast,Email,18863.32,1231145,63986,3855
2025-05-01,Northeast,Affiliate,12375.32,1961352,81700,6205
2025-05-01,South,Paid Search,20767.06,1858000,41908,2123
2025-05-01,South,Social Media,72461.71,1435789,55404,2848
2025-05-01,South,Email,24969.87,1034655,40694,1439
2025-05-01,South,Affiliate,41434.52,1748814,57830,1016
2025-05-01,Midwest,Paid Search,38632.41,1131222,39309,2289
2025-05-01,Midwest,Social Media,9114.42,1189870,62139,1329
2025-05-01,Midwest,Email,75836.6,1088306,52022,3435
2025-05-01,Midwest,Affiliate,65573.49,217209,3950,170
2025-05-01,West,Paid Search,32183.17,739717,42517,1883
2025-05-01,West,Social Media,78848.79,224603,8464,558
2025-05-01,West,Email,14614.35,821613,43131,1477
2025-05-01,West,Affiliate,60274.26,1197109,70606,5223
2025-06-01,Northeast,Paid Search,29678.35,1841526,65405,2018
2025-06-01,Northeast,Social Media,45540.64,1975114,106645,5503
2025-06-01,Northeast,Email,26479.62,667841,37174,2102
2025-06-01,Northeast,Affiliate,27241.61,1703627,101158,3338
2025-06-01,South,Paid Search,57154.93,1874514,60108,2197
2025-06-01,South,Social Media,36737.9,1669567,94466,1468
2025-06-01,South,Email,26925.26,1810027,41303,1967
2025-06-01,South,Affiliate,23675.45,1197292,49659,2222
2025-06-01,Midwest,Paid Search,64648.87,353325,16291,587
2025-06-01,Midwest,Social Media,27995.61,1861411,94302,4301
2025-06-01,Midwest,Email,77388.26,1705368,67534,2860
2025-06-01,Midwest,Affiliate,75324.45,313205,7256,552
2025-06-01,West,Paid Search,19627.75,785079,33516,2169
2025-06-01,West,Social Media,10935.67,1008295,16948,1005
2025-06-01,West,Email,30272.02,268644,8405,325
2025-06-01,West,Affiliate,66529.02,1055485,32678,1691
2025-07-01,Northeast,Paid Search,68028.46,746231,15828,382
2025-07-01,Northeast,Social Media,13970.12,1517543,81222,1923
2025-07-01,Northeast,Email,26066.82,1298872,36106,2217
2025-07-01,Northeast,Affiliate,43509.32,809087,27804,1986
2025-07-01,South,Paid Search,41390.65,645779,35874,1590
2025-07-01,South,Social Media,75198.59,565871,16291,598
2025-07-01,South,Email,27831.14,855042,36041,2693
2025-07-01,South,Affiliate,68188.24,1908125,62204,3528
2025-07-01,Midwest,Paid Search,47620.0,467426,27094,434
2025-07-01,Midwest,Social Media,38714.94,1675134,75646,5540
2025-07-01,Midwest,Email,72053.91,1109303,40995,736
2025-07-01,Midwest,Affiliate,17950.47,1646312,92592,5126
2025-07-01,West,Paid Search,35376.86,1586011,84086,3430
2025-07-01,West,Social Media,14841.79,385859,5795,324
2025-07-01,West,Email,66130.83,1597595,39393,2632
2025-07-01,West,Affiliate,72146.33,512886,14874,990
2025-08-01,Northeast,Paid Search,8143.39,244327,9660,319
2025-08-01,Northeast,Social Media,17048.2,1706535,42425,896
2025-08-01,Northeast,Email,49542.89,1963235,34826,1351
2025-08-01,Northeast,Affiliate,23645.26,588490,19830,820
2025-08-01,South,Paid Search,70717.75,1458405,68288,1237
2025-08-01,South,Social Media,76527.03,1780966,71891,4990
2025-08-01,South,Email,71339.81,630075,12529,541
2025-08-01,South,Affiliate,38529.97,1605556,47186,2884
2025-08-01,Midwest,Paid Search,32894.79,1395760,82896,5151
2025-08-01,Midwest,Social Media,77067.54,414528,21611,743
2025-08-01,Midwest,Email,69534.39,488002,11024,749
2025-08-01,Midwest,Affiliate,24564.83,1747185,62341,4635
2025-08-01,West,Paid Search,70149.94,448892,24659,539
2025-08-01,West,Social Media,34214.08,1316549,69929,2454
2025-08-01,West,Email,27853.55,1769920,74647,5743
2025-08-01,West,Affiliate,64525.95,585726,22338,1506
2025-09-01,Northeast,Paid Search,18433.66,1502079,49754,2155
2025-09-01,Northeast,Social Media,61253.12,1767808,74480,3187
2025-09-01,Northeast,Email,16698.91,1269556,74594,2178
2025-09-01,Northeast,Affiliate,14760.45,1165826,55746,3023
2025-09-01,South,Paid Search,23245.51,792725,17002,715
2025-09-01,South,Social Media,51478.11,280537,8263,297
2025-09-01,South,Email,35867.85,1212502,26010,1146
2025-09-01,South,Affiliate,37249.24,1729597,68086,3084
2025-09-01,Midwest,Paid Search,62018.74,889917,20757,1270
2025-09-01,Midwest,Social Media,79678.04,394843,7399,247
2025-09-01,Midwest,Email,43704.12,1195866,35059,1787
2025-09-01,Midwest,Affiliate,52417.45,1833636,108108,6404
2025-09-01,West,Paid Search,28343.08,683826,30563,536
2025-09-01,West,Social Media,16543.76,845514,17317,371
2025-09-01,West,Email,34558.43,430329,10786,225
2025-09-01,West,Affiliate,40755.07,718675,19829,1384
2025-10-01,Northeast,Paid Search,51819.76,1783155,68589,2563
2025-10-01,Northeast,Social Media,66224.77,1922095,109685,6268
2025-10-01,Northeast,Email,58833.45,465007,11747,347
2025-10-01,Northeast,Affiliate,11039.97,1612454,58191,2730
2025-10-01,South,Paid Search,22103.73,1582956,30092,1854
2025-10-01,South,Social Media,12914.76,1444686,76040,4546
2025-10-01,South,Email,14374.76,1444431,64357,1500
2025-10-01,South,Affiliate,35649.2,359199,17413,1076
2025-10-01,Midwest,Paid Search,39662.75,902566,22389,560
2025-10-01,Midwest,Social Media,76065.88,822936,43831,2456
2025-10-01,Midwest,Email,73299.03,296204,12876,351
2025-10-01,Midwest,Affiliate,9429.75,480971,21823,610
2025-10-01,West,Paid Search,59036.03,1191829,53414,1834
2025-10-01,West,Social Media,42390.35,693165,37210,2098
2025-10-01,West,Email,72178.33,707065,13477,987
2025-10-01,West,Affiliate,55870.54,1451803,86549,5642
2025-11-01,Northeast,Paid Search,50306.7,1602855,71831,2243
2025-11-01,Northeast,Social Media,75189.42,930701,39136,2492
2025-11-01,Northeast,Email,40447.83,247967,13143,601
2025-11-01,Northeast,Affiliate,58055.6,178056,9695,149
2025-11-01,South,Paid Search,32709.04,323917,6608,378
2025-11-01,South,Social Media,34635.28,328680,5919,393
2025-11-01,South,Email,47872.81,1800184,35650,1392
2025-11-01,South,Affiliate,38533.36,1152157,37645,720
2025-11-01,Midwest,Paid Search,14200.91,1490397,24995,1251
2025-11-01,Midwest,Social Media,9772.73,705105,41230,2220
2025-11-01,Midwest,Email,33546.66,1245647,44045,1673
2025-11-01,Midwest,Affiliate,69990.13,825804,48815,801
2025-11-01,West,Paid Search,71918.53,1084976,35649,662
2025-11-01,West,Social Media,61635.06,1364992,46331,2764
2025-11-01,West,Email,26180.55,1293138,67320,4689
2025-11-01,West,Affiliate,55428.17,1836008,105050,4574
2025-12-01,Northeast,Paid Search,18123.92,1121086,41380,3198
2025-12-01,Northeast,Social Media,75494.57,852153,16258,637
2025-12-01,Northeast,Email,30687.85,993788,53834,3379
2025-12-01,Northeast,Affiliate,12853.28,775948,22438,867
2025-12-01,South,Paid Search,57432.74,1640767,74045,4090
2025-12-01,South,Social Media,57864.25,1540085,58927,1377
2025-12-01,South,Email,29061.9,1170375,26597,1045
2025-12-01,South,Affiliate,14234.75,1245906,27975,1679
2025-12-01,Midwest,Paid Search,31707.7,630133,25835,729
2025-12-01,Midwest,Social Media,17485.21,1872809,81478,2416
2025-12-01,Midwest,Email,51550.21,821725,25049,1868
2025-12-01,Midwest,Affiliate,79318.74,747962,39848,1497
2025-12-01,West,Paid Search,70784.59,579435,33326,1602
2025-12-01,West,Social Media,12532.99,1017334,60671,1660
2025-12-01,West,Email,63347.42,806623,45087,1734
2025-12-01,West,Affiliate,45510.48,1487020,51612,3924
