month,region,revenue_target,profit_target
2024-01-01,Northeast,4717919.89,1088848.96
2024-01-01,South,5818279.71,1538753.69
2024-01-01,Midwest,6271109.2,1923883.06
2024-01-01,West,4058476.34,917034.67
2024-02-01,Northeast,4872484.73,863040.5
2024-02-01,South,4797680.93,1779225.18
2024-02-01,Midwest,7194856.34,846953.66
2024-02-01,West,6625459.55,1472571.98
2024-03-01,Northeast,6108668.85,1736820.41
2024-03-01,South,7634823.7,1054251.97
2024-03-01,Midwest,4719409.65,978923.93
2024-03-01,West,6548851.81,828827.41
2024-04-01,Northeast,6295731.85,1538018.74
2024-04-01,South,7332800.64,836949.52
2024-04-01,Midwest,4641187.71,1269506.27
2024-04-01,West,7908769.8,975724.6
2024-05-01,Northeast,4080194.3,1927423.63
2024-05-01,South,7754417.97,1591725.26
2024-05-01,Midwest,6181187.49,1054765.26
2024-05-01,West,7968732.95,1482011.41
2024-06-01,Northeast,5755424.0,1112609.31
2024-06-01,South,7223454.16,1089038.14
2024-06-01,Midwest,7239922.31,1471976.45
2024-06-01,West,5196929.47,1203380.44
2024-07-01,Northeast,7849922.47,1028333.5
2024-07-01,South,7540206.8,1656493.05
2024-07-01,Midwest,4567048.56,883071.73
2024-07-01,West,7185854.63,1143861.76
2024-08-01,Northeast,7078588.68,1524787.18
2024-08-01,South,4370991.72,1574520.04
2024-08-01,Midwest,6995870.38,1782868.92
2024-08-01,West,4418738.02,1026157.19
2024-09-01,Northeast,4191543.57,1949917.01
2024-09-01,South,7554104.44,1148941.29
2024-09-01,Midwest,5145550.85,1601758.17
2024-09-01,West,4225010.31,1775917.78
2024-10-01,Northeast,7600996.2,1582277.84
2024-10-01,South,5044944.23,1687445.45
2024-10-01,Midwest,5090678.0,1308549.42
2024-10-01,West,7566976.3,1194398.79
2024-11-01,Northeast,7089143.68,1642853.75
2024-11-01,South,4746728.06,1555931.86
2024-11-01,Midwest,7360886.94,1181703.35
2024-11-01,West,4096220.02,1019758.76
2024-12-01,Northeast,7272356.38,1388240.14
2024-12-01,South,6071408.76,1240687.85
2024-12-01,Midwest,4492554.94,1240341.21
2024-12-01,West,7825836.69,1475801.24
2025-01-01,Northeast,4526393.99,1158616.41
2025-01-01,South,4731354.18,1467757.71
2025-01-01,Midwest,7773148.4,1545750.06
2025-01-01,West,6435782.47,1402251.35
2025-02-01,Northeast,7149214.04,1324351.76
2025-02-01,South,7249760.13,1257520.54
2025-02-01,Midwest,5204866.45,1672888.8
2025-02-01,West,6998541.6,1889435.44
2025-03-01,Northeast,5304425.1,1814792.81
2025-03-01,South,5342402.17,1512648.62
2025-03-01,Midwest,5760436.48,1007444.81
2025-03-01,West,4189549.47,1404127.42
2025-04-01,Northeast,4762806.66,1875734.39
2025-04-01,South,5748332.42,1778552.98
2025-04-01,Midwest,5115458.09,831404.5
2025-04-01,West,5707705.06,1403562.81
2025-05-01,Northeast,6602285.84,943967.94
2025-05-01,South,6535746.27,1824749.91
2025-05-01,Midwest,5744256.38,1878956.4
2025-05-01,West,4462513.02,1938661.86
2025-06-01,Northeast,7164938.22,1045133.3
2025-06-01,South,5218374.15,807353.16
2025-06-01,Midwest,4779062.06,1139899.53
2025-06-01,West,5822725.97,1929595.69
2025-07-01,Northeast,6926003.0,979220.4
2025-07-01,South,5574729.69,1053240.21
2025-07-01,Midwest,7032062.55,1199440.39
2025-07-01,West,7643016.38,1331784.4
2025-08-01,Northeast,7492393.57,1255464.77
2025-08-01,South,5672888.07,1713728.05
2025-08-01,Midwest,7900813.17,1155091.16
2025-08-01,West,6979742.9,1734672.34
2025-09-01,Northeast,6713982.55,1950034.42
2025-09-01,South,4021974.05,1083913.63
2025-09-01,Midwest,7561614.31,1624945.79
2025-09-01,West,7681446.08,1241644.94
2025-10-01,Northeast,7132370.01,1931398.9
2025-10-01,South,7034665.34,1218392.7
2025-10-01,Midwest,4897610.32,1424392.98
2025-10-01,West,6650959.5,1769408.82
2025-11-01,Northeast,6356748.04,1958106.0
2025-11-01,South,6890468.28,960953.47
2025-11-01,Midwest,7658072.7,1930470.72
2025-11-01,West,7325858.06,1440911.12
2025-12-01,Northeast,6768587.51,1534927.75
2025-12-01,South,6065195.94,1282880.84
2025-12-01,Midwest,4069996.79,1199796.78
2025-12-01,West,6243877.68,1999302.79
